taxon,voucher,ETS,rbcL,rps16,trnLF,n_markers_available
Capeobolus_brevicaulis,TV646,1,1,1,1,4
Carpha_capitellata,MM4759,1,1,1,1,4
Carpha_glomerata,1176,0,1,0,0,1
Carpha_glomerata,JB1719,0,0,0,1,1
Carpha_glomerata,MM1176,0,0,1,0,1
Carpha_glomerata,MM5863,1,0,0,0,1
Cyathochaeta_diandra,?,0,1,0,0,1
Cyathochaeta_diandra,Wilson9468,1,0,0,0,1
Cyathochaeta_diandra,XZ24,0,0,0,1,1
Cyathocoma_bachmannii,Browning835,0,1,0,1,2
Cyathocoma_hexandra,TV648,1,1,1,1,4
Lepidosperma_longitudinale,TV1236,1,1,1,1,4
Neesenbeckia_punctoria,?,0,1,0,1,2
Neesenbeckia_punctoria,MM6375,0,0,1,0,1
Neesenbeckia_punctoria,TV650,1,0,1,0,2
Schoenus_adnatus,TV1144,1,1,1,1,4
Schoenus_arenicola,269,1,0,0,0,1
Schoenus_arenicola,320,1,0,1,0,2
Schoenus_arenicola,MM6477,0,0,1,0,1
Schoenus_aureus,336,1,0,0,1,2
Schoenus_aureus,337,1,0,0,0,1
Schoenus_auritus,193,1,0,0,0,1
Schoenus_auritus,198,1,0,0,0,1
Schoenus_auritus,244,1,0,0,1,2
Schoenus_auritus,245,0,0,1,0,1
Schoenus_auritus,306,1,0,0,0,1
Schoenus_auritus,307,1,0,0,0,1
Schoenus_bolusii,308,1,0,0,0,1
Schoenus_bolusii,317,1,0,0,0,1
Schoenus_bolusii,TV520,0,1,1,0,2
Schoenus_bolusii,TV606,1,0,0,1,2
Schoenus_brunnescens,221,1,0,0,0,1
Schoenus_brunnescens,322,1,0,1,0,2
Schoenus_calceolus,120,1,0,0,0,1
Schoenus_compactus,310,1,0,1,0,2
Schoenus_compactus,311,1,0,1,0,2
Schoenus_compactus,TV614,1,1,1,1,4
Schoenus_compar,232,1,0,1,0,2
Schoenus_compar,333,1,0,0,0,1
Schoenus_compar,352,1,0,0,1,2
Schoenus_compar,362,1,0,0,1,2
Schoenus_compar,TV549,1,1,1,1,4
Schoenus_comparoides,325,1,0,0,0,1
Schoenus_comparoides,333,0,0,1,1,2
Schoenus_complanatus,339,1,0,0,0,1
Schoenus_complanatus,340,1,0,0,0,1
Schoenus_complanatus,341,1,0,0,0,1
Schoenus_crassiculmis,298,1,0,1,0,2
Schoenus_crassus,321,1,0,0,0,1
Schoenus_crassus,354,1,0,0,0,1
Schoenus_cuspidatus,256,1,0,0,0,1
Schoenus_cuspidatus,278,1,0,0,0,1
Schoenus_cuspidatus,284,0,0,1,0,1
Schoenus_dregeanus,204,1,0,0,1,2
Schoenus_dregeanus,213,1,0,0,0,1
Schoenus_exilis,189,1,0,0,0,1
Schoenus_exilis,192,1,0,0,0,1
Schoenus_exilis,293,1,0,0,0,1
Schoenus_exilis,TV623,1,1,1,1,4
Schoenus_galpinii,235,1,0,0,1,2
Schoenus_graciliculmis,255,1,0,0,0,1
Schoenus_gracilimus,206,1,0,0,0,1
Schoenus_gracilimus,TV636,1,1,1,1,4
Schoenus_gracillimus,206,0,0,1,0,1
Schoenus_graminifolius,282,1,0,1,1,3
Schoenus_graminifolius,283,1,0,0,0,1
Schoenus_ligulatus,195,1,0,0,0,1
Schoenus_limosus,243,1,0,0,1,2
Schoenus_limosus,247,1,0,1,0,2
Schoenus_loreus,253,1,0,0,0,1
Schoenus_loreus,262,1,0,1,0,2
Schoenus_lucidus,MM5702,0,0,1,1,2
Schoenus_lucidus,MM6021,1,0,1,0,2
Schoenus_megacarpus,219,0,0,1,0,1
Schoenus_megacarpus,227,0,0,1,1,2
Schoenus_neovillosus,207,1,0,0,1,2
Schoenus_nigricans,?,0,0,1,0,1
Schoenus_nigricans,Edmondson3382,0,0,1,1,2
Schoenus_nigricans,Simpson2670,0,0,0,1,1
Schoenus_nigricans,Y12983.1,0,1,0,0,1
Schoenus_pictus,202,1,0,1,0,2
Schoenus_pictus,203,0,0,1,0,1
Schoenus_pictus,229,1,0,1,1,3
Schoenus_pictus,290,1,0,1,0,2
Schoenus_pictus,TV524,1,1,1,1,4
Schoenus_pseudoloreus,TV515,1,1,1,1,4
Schoenus_quadangularis,196,0,0,0,1,1
Schoenus_quadrangularis,196,0,0,1,0,1
Schoenus_quadrangularis,356,1,0,1,1,3
Schoenus_quadrangularis,MM6385,1,0,1,0,2
Schoenus_quartziticus,331,0,0,0,1,1
Schoenus_quartziticus,332,1,0,0,1,2
Schoenus_sp,300,1,0,0,0,1
Schoenus_submarginalis,223,1,0,1,0,2
Schoenus_submarginalis,335,1,0,1,0,2
Schoenus_triticoides,279,1,0,0,1,2
Schoenus_triticoides,281,1,0,0,0,1
Schoenus_turbinatus,LM35,0,0,0,1,1
Tetraria_brachyphylla,Helme2989,0,0,1,1,2
Tetraria_bromoides,TV641,0,1,1,1,3
Tetraria_capillacea,327,0,0,1,1,2
Tetraria_capillacea,TV1313,0,0,0,1,1
Tetraria_capillacea,TV733,0,0,1,0,1
Tetraria_compressa,TV653,1,1,1,1,4
Tetraria_crinifolia,TV638,0,1,1,1,3
Tetraria_eximia,TV647,1,1,1,1,4
Tetraria_fasciata,305,1,0,1,0,2
Tetraria_fasciata,313,0,0,1,0,1
Tetraria_fasciata,MM6478,0,0,1,0,1
Tetraria_fasciata,TV644,1,0,1,1,3
Tetraria_fimbriolata,TV533,1,0,1,1,3
Tetraria_flexuosa,JV91,0,0,0,1,1
Tetraria_flexuosa,TV505,0,1,1,1,3
Tetraria_flexuosa,TV733,1,0,0,0,1
Tetraria_involucrata,TV1283,1,0,1,0,2
Tetraria_involucrata,TV661,0,1,0,1,2
Tetraria_maculata,TV528,0,0,1,1,2
Tetraria_microstachys,MM6480,0,0,0,1,1
Tetraria_microstachys,TV640,1,1,1,1,4
Tetraria_nigrovaginata,TV500,1,1,1,1,4
Tetraria_pleosticha,TV639,1,0,1,1,3
Tetraria_pygmaea,TV1276,1,0,1,1,3
Tetraria_spiralis,TV719,1,0,1,0,2
Tetraria_thermalis,TV643,1,1,1,1,4
Tetraria_triangularis,Britton321,0,1,0,1,2
Tetraria_triangularis,TV518,1,0,1,0,2
Tetraria_ustulata,TV501,0,0,1,1,2
Tetraria_ustulata,TV664,1,1,0,0,2
Trianoptiles_capensis,MM3160,1,0,1,1,3
Trianoptiles_solitaria,JB1756,0,0,0,1,1
