taxon,voucher,ETS,ITS,rbcL,rps16,trnLF,n_markers
Anthelepis paludosa,Wilson 9858,0,0,0,0,1,1
Baumea arthrophylla,AK289619,0,1,0,0,0,1
Baumea arthrophylla,AK289627,0,1,0,0,0,1
Baumea articulata,AK284529,0,1,0,0,0,1
Baumea articulata,Besnard 21-2007,0,0,1,0,0,1
Capeobolus brevicaulis,Muasya 1238,0,0,1,0,0,1
Capeobolus brevicaulis,TE2016_209,1,0,0,0,0,1
Capeobolus brevicaulis,Verboom 646,1,1,1,1,1,5
Carex diandra,B0223,0,0,1,0,0,1
Carex diandra,MK525410,0,0,1,0,0,1
Carpha alpina,AF307909,0,0,1,0,0,1
Carpha alpina,AK289109,0,1,0,0,0,1
Carpha alpina,Bruhl 1888C,0,1,0,0,0,1
Carpha alpina,Pullen 5088,0,1,0,0,0,1
Carpha alpina,Zhang 13 & Wilson,0,0,0,0,1,1
Carpha capitellata,JB1718,0,0,0,0,1,1
Carpha capitellata,Muasya 4759,1,0,1,1,1,4
Carpha capitellata var. bracteosa,Muasya 4759,1,0,1,0,0,2
Carpha glomerata,JB1719,0,0,0,0,1,1
Carpha glomerata,Muasya 1176,0,0,1,1,0,2
Carpha glomerata,Muasya 5863,1,1,0,0,0,2
Carpha nitens,KEW11893,0,0,0,0,1,1
Carpha rodwayi,Bruhl 1881B,0,1,0,0,0,1
Carpha rodwayi,Bruhl 1890B,0,1,0,0,0,1
Caustis blakei,Bruhl 2046,1,0,1,0,0,2
Caustis blakei subsp. Blakei,Telford 12780,0,0,0,0,1,1
Caustis blakei var. blakei,Bruhl 2431,0,1,0,0,0,1
Caustis blakei var. macrantha,Bruhl 2046,0,1,0,0,0,1
Caustis dioica,Chase 2225,1,0,0,1,0,2
Caustis dioica,Y12976,0,0,1,0,0,1
Caustis flexuosa,Bruhl 2052,0,1,0,0,0,1
Caustis flexuosa,Bruhl 2583,0,1,0,0,0,1
Caustis flexuosa,Coveny 9239,0,0,1,0,0,1
Caustis flexuosa,Hodgon 2052,0,0,0,0,1,1
Costularia fragilis,McKee41617,0,0,1,0,0,1
Costularia fragilis,Webster & R. Hildreth 14967,1,1,0,0,1,3
Costularia hornei,Senterre & E.Henriette 7107,1,0,0,0,1,2
Costularia laxa,Gautier & Chantelain,0,0,0,0,1,1
Costularia laxa,Rakotovao 3033,0,1,0,0,1,2
Costularia leucocarpa,Larridon 2010-0140,0,0,0,1,0,1
Costularia leucocarpa,Larridon et a. 2010-0237,0,1,0,0,1,2
Costularia melicoides,Lam & Meeuse 5257,0,1,0,0,1,2
Costularia melleri,Larridon et a. 2010-0249,0,1,0,0,1,2
Costularia natalensis,Browning 531,1,1,0,0,1,3
Costularia natalensis,Reid 1754,0,0,1,0,0,1
Costularia natalensis,Verboom 773,1,1,1,0,1,4
Costularia nervosa,KW9939,0,0,0,0,1,1
Costularia nervosa,T. Jaffre 2378,0,1,0,0,0,1
Costularia nervosa,T.Jaffre 2378,1,0,0,0,1,2
Costularia pantopoda var.  baronii,Larridon et a. 2010-0153,0,1,0,0,1,2
Costularia pantopoda var.  baronii,Larridon et al. 2010-0139,0,0,1,1,0,2
Costularia pantopoda var. pantopoda,Larridon et a. 2010-0144,0,1,1,0,1,3
Costularia pantopoda var. robusta,L.J. Razafitsalama 531,0,1,0,0,1,2
Costularia purpurea,Armand 74,0,1,0,0,0,1
Costularia xipholepis,Senterre & E. Henriette 6964,0,1,0,0,1,2
Costularia xyridioides,Bruhl 3260,0,1,0,0,1,2
Cyanthochaeta diandra,XZ24,0,0,0,0,1,1
Cyathochaeta avenacea,Verboom 1248,1,0,1,1,0,3
Cyathochaeta diandra,?,0,0,1,0,0,1
Cyathochaeta diandra,Wilson 9468,1,0,0,0,0,1
Cyathochaeta diandra,Wilson et al.,0,0,1,0,0,1
Cyathochaeta diandra,Wilson9468,1,0,0,0,0,1
Cyathochaeta diandra,XZ24,0,0,0,0,1,1
Cyathocoma bachmanii,Browning 835,0,0,0,0,1,1
Cyathocoma bachmannii,Browning835,0,0,1,0,1,2
Cyathocoma hexandra,Verboom 648,1,0,1,1,1,4
Eleocharis diandra,Bissell,0,0,1,0,0,1
Evandra aristata,Barrett 5356,0,1,0,0,0,1
Evandra aristata,Bruhl 2108,0,1,0,0,0,1
Evandra aristata,Wilson 8974,1,0,0,0,0,1
Evandra pauciflora,Macfarlane 2684,0,0,0,0,1,1
Gahnia baniensis,Simpson 2737,0,0,1,0,1,2
Gahnia baniensis,Simpson s.n.,0,0,1,0,0,1
Gahnia setifolia,AK288670,0,1,0,0,0,1
Gahnia sieberiana,KW9913,0,0,0,0,1,1
Gahnia trifida,Gibson 3904,0,0,0,0,1,1
Gahnia trifida,Verboom 1228,0,0,0,1,0,1
Gahnia tristis,Hirahara 20361,0,1,1,0,0,2
Gahnia tristis,Shaw 885,1,0,0,1,0,2
Gahnia tristis,Verboom 1228,0,0,1,0,0,1
Gahnia xanthocarpa,AK289506,0,1,0,0,0,1
Gymnoschoenus anceps,Bruhl 2110,0,0,0,0,1,1
Gymnoschoenus sphaerocephalus,AY725945,0,0,1,0,0,1
Gymnoschoenus sphaerocephalus,"Zhang , Bruhl & Hodgson",0,0,0,0,1,1
Lepidosperma diurnum,Barrett 4124,0,1,0,0,0,1
Lepidosperma effusum,Barrett 4100,0,1,0,0,0,1
Lepidosperma ferricola,Barrett & Ujetz 2499,0,0,0,0,1,1
Lepidosperma forsythii,North s.n.,0,1,0,0,0,1
Lepidosperma gahnioides,Craig 6011,0,1,0,0,0,1
Lepidosperma gladiatum,"Hodgon 723, Buhl & Hodgon",0,0,0,0,1,1
Lepidosperma laterale,"Bruhl 2048, Telford, Fatemi",0,0,0,0,1,1
Lepidosperma laterale,Hodgon 345,0,1,0,0,0,1
Lepidosperma longitudinale,Verboom 1236,1,0,1,1,1,4
Lepidosperma pubisquameum,Cranfield 16366,0,1,0,0,0,1
Lepidosperma rostratum,Keighery & Keighery s.n.,0,0,0,0,1,1
Lepidosperma tetraquetrum,Davis 9510,0,1,0,0,0,1
Lepidosperma tortuosum,Bruhl 2357,0,1,0,0,0,1
Lepidosperma tortuosum,Coveny 17470,1,0,0,1,0,2
Machaerina angustifolia,Morden 1253,0,1,0,0,0,1
Machaerina austrobrasiliensis,Trevisan 858,0,0,0,0,1,1
Machaerina gunnii,Bruhl 2600,0,0,0,0,1,1
Machaerina iridifolia,Ah-Peng 1742,0,0,1,1,0,2
Machaerina mariscoides,Johns 9195,0,0,1,0,0,1
Machaerina mariscoides var. meyenii,Morden 1263,0,1,0,0,0,1
Machaerina mariscoides var. meyenii,Reynolds 098,0,1,0,0,0,1
Machaerina rubiginosa,Bruhl 1859,1,0,0,0,0,1
Machaerina rubiginosa,Hoshino 19254,0,1,1,0,0,2
Machaerina rubiginosa,Wilson 9456,0,0,1,0,0,1
Mesomelaena graciliceps,"Barrett, Sandiford & Rathbone RLB 5028",0,0,0,0,1,1
Mesomelaena tetragona,Chase 2227,0,0,0,1,0,1
Mesomelaena tetragona,Y12949,0,0,1,0,0,1
Morelotia gahniiformis,Herbst 1197,0,0,1,0,0,1
Morelotia gahniiformis,Morden 2117,0,1,0,0,1,2
Neesenbeckia punctoria,?,0,0,1,0,1,2
Neesenbeckia punctoria,Bruhl 1731,0,1,0,0,0,1
Neesenbeckia punctoria,Muasya 6375,0,0,0,1,0,1
Neesenbeckia punctoria,Verboom 650,1,0,1,1,1,4
Oreobolus distichus,Bruhl 1870,0,1,0,0,0,1
Oreobolus distichus,Coveny 5373,1,0,0,0,0,1
Oreobolus furcatus,Calquist 21111,0,1,0,0,0,1
Oreobolus furcatus,Morden 1861,0,1,0,0,0,1
Oreobolus kuekenthalii,Simpson 2659,0,1,0,0,0,1
Oreobolus kuekenthalii,Y12972,0,0,1,0,0,1
Oreobolus obtusangulus,Bruhl 237,0,1,0,0,0,1
Oreobolus obtusangulus,Moore 2817,0,1,0,0,0,1
Oreobolus oligocephalus,Bruhl 1889A,0,1,0,0,1,2
Oreobolus oxycarpus,Blake 18320,0,1,0,0,0,1
Oreobolus pectinatus,AF307927,0,0,1,0,0,1
Oreobolus pectinatus,AK289108,0,1,0,0,0,1
Oreobolus pectinatus,Melville & Connor 6528,1,1,0,0,1,3
Oreobolus pumilio,Bruhl 1879C,0,1,0,0,1,2
Oreobolus strictus,McMillaan 143395,0,0,0,0,1,1
Ptilothrix deusta,Bruhl 2055,0,1,0,0,0,1
Ptilothrix deusta,Coveny R.G. 17471,0,0,1,0,0,1
Ptilothrix deusta,Gibbs 46,1,0,0,0,0,1
Ptilothrix deusta,"Zhang 1, Bruhl, Copeland & Knox",0,0,0,0,1,1
Reedia spathacea,Hodgon 740 & Bruhl,0,0,0,0,1,1
Reedia spathacea,MWC 35634,0,0,1,0,0,1
Rhynchospora pungens,"Bruhl 2278, Guaglianone, Guarise & Sotelo",0,0,0,0,1,1
Rhynchospora rugosa subsp. Brownii,Verboom 616,0,0,0,0,1,1
Schoenus acuminatus,Barrett 5340,0,1,0,0,0,1
Schoenus adnatus,Verboom 1144,1,0,1,1,1,4
Schoenus adnatus c.f.,Verboom 1144,1,0,1,1,0,3
Schoenus albovaginatus,van Mazijk 002,0,0,1,0,0,1
Schoenus apogon,Bruhl 1860 & Quinn,0,0,0,0,1,1
Schoenus apogon,Courtney 552946,0,0,1,0,0,1
Schoenus apogon,Hoshino 18971,0,0,1,0,0,1
Schoenus apogon var. apogon,Barrett 5172,0,1,0,0,0,1
Schoenus apogon var. apogon,Barrett 5225,0,1,0,0,0,1
Schoenus apogon var. apogon,Barrett 5230,0,1,0,0,0,1
Schoenus apogon var. apogon,Bruhl 2515,0,1,0,0,0,1
Schoenus apogon var. apogon,Bruhl 2746A,0,1,0,0,0,1
Schoenus apogon var. apogon,Copeland 4361,0,1,0,0,0,1
Schoenus apogon var. apogon,Duretto 291,0,1,0,0,0,1
Schoenus apogon var. apogon,Gibbs 126,0,1,0,0,0,1
Schoenus apogon var. apogon,Gibbs 35,0,1,0,0,0,1
Schoenus apogon var. caespitans,AK281020,0,1,0,0,0,1
Schoenus apogon var. caespitans,AK288575,0,1,0,0,0,1
Schoenus apogon var. caespitans,AK308178,0,1,0,0,0,1
Schoenus apogon var. caespitans,Gibbs 131,0,1,0,0,0,1
Schoenus apogon var. caespitans,Gibbs 132,0,1,0,0,0,1
Schoenus arenicola,Helme 2989,0,0,0,0,1,1
Schoenus arenicola,Muasya 6477,0,0,0,1,0,1
Schoenus arenicola,TE2016_269,1,0,1,0,0,2
Schoenus arenicola,TE2016_320,1,0,1,1,0,3
Schoenus armeria,Barrett 5260,0,1,0,0,0,1
Schoenus armeria,Barrett 5855,0,1,0,0,0,1
Schoenus armeria,Barrett 5898,0,1,0,0,0,1
Schoenus aureus,TE2016_245,0,0,1,0,0,1
Schoenus aureus,TE2016_336,1,0,1,0,1,3
Schoenus aureus,TE2016_337,1,0,1,0,0,2
Schoenus auritus,TE2016_193,1,0,1,0,0,2
Schoenus auritus,TE2016_198,1,0,0,0,0,1
Schoenus auritus,TE2016_244,1,0,1,0,1,3
Schoenus auritus,TE2016_245,0,0,0,1,0,1
Schoenus auritus,TE2016_306,1,0,0,0,0,1
Schoenus auritus,TE2016_307,1,0,0,0,0,1
Schoenus auritus x cuspidatus,TE2016_198,1,0,0,0,0,1
Schoenus badius,Barrett 5269A,0,1,0,0,0,1
Schoenus bifidus,Barrett 5878,0,1,0,0,0,1
Schoenus bifidus,Hodgon 784,0,1,0,0,0,1
Schoenus bifidus,Verboom 1249,0,0,0,1,1,2
Schoenus bolusii,TE2016_308,1,0,0,0,0,1
Schoenus bolusii,TE2016_317,1,0,0,0,0,1
Schoenus bolusii,TE2016_324,0,0,1,0,0,1
Schoenus bolusii,Verboom 520,1,0,1,1,1,4
Schoenus bolusii,Verboom 606,1,0,1,0,1,3
Schoenus bolusii x cuspidatus,TE2016_317,1,0,1,1,1,4
Schoenus breviculmis,Barrett 5141,0,1,0,0,0,1
Schoenus breviculmis,Barrett 5191,0,1,0,0,0,1
Schoenus breviculmis,Bruhl 1861,0,1,0,0,0,1
Schoenus breviculmis,Gibbs 75,0,1,0,0,0,1
Schoenus brevifolius,Katsuyama 19875,0,1,0,0,0,1
Schoenus brevifolius,OGA0265,0,0,0,0,1,1
Schoenus brevisetis,Barrett & Moody RLB 4337,0,0,0,0,1,1
Schoenus brunnescens,TE2016_221,1,0,0,0,0,1
Schoenus brunnescens,TE2016_322,1,0,0,1,0,2
Schoenus caespititius,Barrett 5608,0,1,0,0,0,1
Schoenus caespititius,Bruhl 2104 & Watson,0,0,0,0,1,1
Schoenus caespititius,Verboom 1255,1,0,0,1,1,3
Schoenus calcatus,Barrett 5414,0,1,0,0,0,1
Schoenus calceolus,TE2016_120,1,0,1,0,0,2
Schoenus calceolus,TE2016_126,0,0,1,0,0,1
Schoenus calostachyus,CANB583285,0,1,0,0,0,1
Schoenus calostachyus,Gibbs 117,0,1,0,0,0,1
Schoenus calostachyus,Musili 542,0,1,0,0,0,1
Schoenus carsei,AK284567,0,1,0,0,0,1
Schoenus centralis,CANB583338,0,1,0,0,0,1
Schoenus clandestinus,Barrett 5267,0,1,0,0,0,1
Schoenus clandestinus,Barrett 5283,0,1,0,0,0,1
Schoenus clandestinus,Barrett 5765,0,1,0,0,0,1
Schoenus clandestinus,Barrett RLB 3363,0,0,0,0,1,1
Schoenus compactus,TE2016_310,1,0,1,1,0,3
Schoenus compactus,TE2016_311,1,0,1,1,0,3
Schoenus compactus,Verboom 614,1,0,1,1,1,4
Schoenus compar,TE2016_232,1,0,0,1,0,2
Schoenus compar,TE2016_333,1,0,0,0,0,1
Schoenus compar,TE2016_352,1,0,1,0,1,3
Schoenus compar,TE2016_362,1,0,1,0,1,3
Schoenus compar,Verboom 549,1,0,1,1,1,4
Schoenus comparoides,TE2016_325,1,0,1,0,0,2
Schoenus comparoides,TE2016_333,0,0,1,1,1,3
Schoenus complanatus,TE2016_339,1,0,1,0,0,2
Schoenus complanatus,TE2016_340,1,0,0,0,0,1
Schoenus complanatus,TE2016_341,1,0,1,0,0,2
Schoenus crassiculmis,TE2016_298,1,0,0,1,0,2
Schoenus crassiculmis,TE2016_338,0,0,1,0,0,1
Schoenus crassus,TE2016_312,0,0,1,0,0,1
Schoenus crassus,TE2016_321,1,0,0,0,0,1
Schoenus crassus,TE2016_330,0,0,1,0,0,1
Schoenus crassus,TE2016_354,1,0,1,0,0,2
Schoenus crassus,Verboom 507,1,0,1,0,1,3
Schoenus curvifolius,Barrett 4174,0,1,0,0,0,1
Schoenus curvifolius,Barrett 5370,0,1,0,0,0,1
Schoenus curvifolius,Verboom 1240,1,0,1,1,1,4
Schoenus cuspidatus,TE2016_182,0,0,1,0,0,1
Schoenus cuspidatus,TE2016_198,0,0,1,0,0,1
Schoenus cuspidatus,TE2016_221,0,0,1,0,0,1
Schoenus cuspidatus,TE2016_235,0,0,1,0,0,1
Schoenus cuspidatus,TE2016_248,0,0,1,0,0,1
Schoenus cuspidatus,TE2016_253,0,0,1,0,0,1
Schoenus cuspidatus,TE2016_255,0,0,1,0,0,1
Schoenus cuspidatus,TE2016_256,1,0,1,0,0,2
Schoenus cuspidatus,TE2016_265,0,0,1,0,0,1
Schoenus cuspidatus,TE2016_278,1,0,1,0,0,2
Schoenus cuspidatus,TE2016_284,0,0,1,1,0,2
Schoenus cuspidatus,TE2016_298,0,0,1,0,0,1
Schoenus cuspidatus,TE2016_303,0,0,1,0,0,1
Schoenus cuspidatus,TE2016_321,0,0,1,0,0,1
Schoenus cuspidatus,TE2016_322,0,0,1,0,0,1
Schoenus cuspidatus,TE2016_334,0,0,1,0,0,1
Schoenus cuspidatus,TE2016_335,0,0,1,0,0,1
Schoenus deformis,Barrett 5164,0,1,0,0,0,1
Schoenus discifer,Barrett 5322,0,1,0,0,0,1
Schoenus discifer,Barrett 5330,0,1,0,0,0,1
Schoenus discifer,Barrett 5346,0,1,0,0,0,1
Schoenus discifer,Barrett 5877,0,1,0,0,0,1
Schoenus dregeanus,TE2016_204,1,0,1,0,1,3
Schoenus dregeanus,TE2016_213,1,0,0,0,0,1
Schoenus efoliatus,Barrett 5327,0,1,0,0,0,1
Schoenus efoliatus,Barrett 5341,0,1,0,0,0,1
Schoenus efoliatus,CANB51037,0,1,0,0,0,1
Schoenus efoliatus,Verboom 1235,1,0,1,1,1,4
Schoenus ericetorum,Gibbs 38C,0,1,0,0,0,1
Schoenus ericetorum,Hodgon 377,0,0,0,0,1,1
Schoenus ericetorum,Wilson 10575,0,1,0,0,0,1
Schoenus exilis,TE2016_189,1,0,0,0,0,1
Schoenus exilis,TE2016_192,1,0,1,0,0,2
Schoenus exilis,TE2016_293,1,0,0,0,0,1
Schoenus exilis,Verboom 623,1,0,1,1,1,4
Schoenus falcatus,Barrett 4730,0,1,0,0,0,1
Schoenus falcatus,Barrett RLB 4730,0,0,0,0,1,1
Schoenus ferrugineus,RBGE227,0,1,0,0,0,1
Schoenus ferrugineus,SCFESD04-190713,0,0,1,0,0,1
Schoenus ferrugineus,SCFESD06-190713,0,0,1,0,0,1
Schoenus ferrugineus,SCFESD08-190713,0,0,1,0,0,1
Schoenus ferrugineus,SCFESD17-250699,0,0,1,0,0,1
Schoenus fluitans,AK289622,0,1,0,0,0,1
Schoenus galpinii,TE2016_235,1,0,0,0,1,2
Schoenus graciliculmis,TE2016_255,1,0,0,0,0,1
Schoenus gracilimus,TE2016_206,1,0,0,0,0,1
Schoenus gracilimus,Verboom 636,1,0,1,1,1,4
Schoenus gracillimus,TE2016_206,1,0,1,1,0,3
Schoenus gracillimus,Verboom 636,1,0,1,0,1,3
Schoenus graminifolius,TE2016_282,1,0,1,1,1,4
Schoenus graminifolius,TE2016_283,1,0,1,0,0,2
Schoenus grandiflorus,Barrett 3364,1,0,0,0,0,1
Schoenus grandiflorus,Wilson 8847,0,1,0,0,1,2
Schoenus griffinianus,Barrett 5253,0,1,0,0,0,1
Schoenus humilis,Barrett 5955,0,1,0,0,0,1
Schoenus imberbis,Musili 531B,0,1,0,0,0,1
Schoenus indutus,Keighery 9578,0,1,0,0,0,1
Schoenus insolitus,Barrett 5246,0,1,0,0,0,1
Schoenus kennyi,Bruhl 2060,0,1,0,0,0,1
Schoenus laevigatus,Barrett 5345,0,1,0,0,0,1
Schoenus lanatus,Barrett 5319,0,1,0,0,0,1
Schoenus lanatus,Barrett 5352,0,1,0,0,0,1
Schoenus latelaminatus,CANB9611213,0,1,0,0,0,1
Schoenus lepidosperma,Barrett 5221,0,1,0,0,0,1
Schoenus lepidosperma,Bruhl 2369,0,0,0,0,1,1
Schoenus lepidosperma,Gibbs 96,0,1,0,0,0,1
Schoenus lepidosperma subsp. pachylepis,Gibbs 40A,0,1,0,0,0,1
Schoenus ligulatus,TE2016_115,0,0,1,0,0,1
Schoenus ligulatus,TE2016_189,0,0,1,0,0,1
Schoenus ligulatus,TE2016_195,1,0,1,0,0,2
Schoenus ligulatus,Verboom 508,0,0,1,1,1,3
Schoenus limosus,TE2016_243,1,0,1,0,1,3
Schoenus limosus,TE2016_247,1,0,1,1,0,3
Schoenus loreus,TE2016_253,1,0,0,0,0,1
Schoenus loreus,TE2016_262,1,0,0,1,0,2
Schoenus lucidus,Muasya 5702,0,0,0,1,1,2
Schoenus lucidus,Muasya 6021,1,0,0,1,0,2
Schoenus lucidus,TE2016_342,0,0,1,0,0,1
Schoenus lucidus,TE2016_343,0,0,1,0,0,1
Schoenus lymansmithii,Trevisan 946,0,0,0,0,1,1
Schoenus maschalinus,AK308199,0,1,0,0,0,1
Schoenus maschalinus,Gibbs 135,0,1,0,0,0,1
Schoenus maschalinus,Gibbs 95,0,1,0,0,0,1
Schoenus megacarpus,TE2016_219,0,0,1,1,0,2
Schoenus megacarpus,TE2016_223,1,0,1,1,0,3
Schoenus megacarpus,TE2016_227,0,0,1,1,1,3
Schoenus melanostachys,Gibbs 109,0,1,0,0,0,1
Schoenus melanostachys,Musili 535,0,1,0,0,0,1
Schoenus minutulus,Barrett 5249,0,1,0,0,0,1
Schoenus minutulus,Barrett 5616,0,1,0,0,0,1
Schoenus moorei,Gibbs 36,0,1,0,0,0,1
Schoenus nanus,Barrett 5146,0,1,0,0,0,1
Schoenus nanus,Barrett 5167,0,1,0,0,0,1
Schoenus nanus,Barrett 5404,0,1,0,0,0,1
Schoenus nanus,Barrett 5873,0,1,0,0,0,1
Schoenus nanus,Barrett 5891,0,1,0,0,0,1
Schoenus neocaledonicus,Bruhl 3250,1,0,0,0,1,2
Schoenus neocaledonicus,Bruhl 3263,1,0,0,0,1,2
Schoenus neovillosus,TE2016_207,1,0,1,0,1,3
Schoenus nigricans,?,0,0,0,1,0,1
Schoenus nigricans,Besnard 31-2007,0,0,1,0,0,1
Schoenus nigricans,DeDecker 4616,0,0,0,0,1,1
Schoenus nigricans,Edmondson 3382,0,0,0,1,1,2
Schoenus nigricans,Edmondson3382,0,0,0,1,1,2
Schoenus nigricans,Haase et al. s.n.,0,1,0,0,0,1
Schoenus nigricans,NMW 3150,0,0,1,0,0,1
Schoenus nigricans,NMW 3151,0,0,1,0,0,1
Schoenus nigricans,NMW 842,0,0,1,0,0,1
Schoenus nigricans,Simpson 2670,0,0,0,0,1,1
Schoenus nigricans,Simpson2670,0,0,0,0,1,1
Schoenus nigricans,TE2016_230,1,0,0,0,0,1
Schoenus nigricans,Y12983.1,0,0,1,0,0,1
Schoenus nitens,Gibbs 133,1,1,0,0,1,3
Schoenus nitens var. concinnus,AK256164,0,1,0,0,0,1
Schoenus nitens var. concinnus,AK308197,0,1,0,0,0,1
Schoenus nitens var. concinnus,Gibbs 125,0,1,0,0,0,1
Schoenus nitens var. concinnus,Gibbs 140,0,1,0,0,0,1
Schoenus nitens var. nitens,AK254225,0,1,0,0,0,1
Schoenus nitens var. nitens,Barrett 5156,0,1,0,0,0,1
Schoenus nitens var. nitens,Gibbs 134,0,1,0,0,0,1
Schoenus obtusifolius,Barrett 5348,0,1,0,0,0,1
Schoenus obtusifolius,Barrett 5501,0,1,0,0,0,1
Schoenus odontocarpus,Barrett 5405,0,1,0,0,0,1
Schoenus ornithopodioides,Musili 539,0,1,0,0,0,1
Schoenus pauciflorus,AK284668,0,1,0,0,0,1
Schoenus pauciflorus,AK308193,0,1,0,0,0,1
Schoenus pauciflorus,AK308194,0,1,0,0,0,1
Schoenus pauciflorus,Gibbs 142,0,1,0,0,0,1
Schoenus pennisetis,Verboom 1237,1,0,1,1,1,4
Schoenus pictus,TE2016_202,1,0,1,1,0,3
Schoenus pictus,TE2016_203,0,0,1,1,0,2
Schoenus pictus,TE2016_229,1,0,1,1,1,4
Schoenus pictus,TE2016_289,0,0,0,0,1,1
Schoenus pictus,TE2016_290,1,0,0,1,0,2
Schoenus pictus,Verboom 524,1,0,1,1,1,4
Schoenus pleiostemoneus,Barrett 5605,0,1,0,0,0,1
Schoenus pleiostemoneus,CANB583280,0,1,0,0,0,1
Schoenus plumosus,Barrett 5874,0,1,0,0,0,1
Schoenus pseudoloreus,TE2016_211,0,0,1,0,0,1
Schoenus pseudoloreus,TE2016_290,1,0,1,1,0,3
Schoenus pseudoloreus,Verboom 515,1,0,1,1,1,4
Schoenus pygmaeus,Buchanan 17167,0,1,0,0,0,1
Schoenus quadangularis,TE2016_196,0,0,0,0,1,1
Schoenus quadrangularis,Muasya 6385,1,0,0,1,0,2
Schoenus quadrangularis,TE2016_196,0,0,1,1,1,3
Schoenus quadrangularis,TE2016_356,1,0,1,1,1,4
Schoenus quartziticus,TE2016_331,0,0,1,0,1,2
Schoenus quartziticus,TE2016_332,1,0,1,0,1,3
Schoenus racemosus,Barrett 5179,0,1,0,0,0,1
Schoenus racemosus,Barrett 5189,0,1,0,0,0,1
Schoenus racemosus,Barrett 5434,0,1,0,0,0,1
Schoenus racemosus,Barrett 5476,0,1,0,0,0,1
Schoenus rigens,Barrett 5234,1,0,0,0,1,2
Schoenus rigens,Barrett 5234A,0,1,0,0,0,1
Schoenus rigens,Barrett 5767,0,1,0,0,0,1
Schoenus rigens,CANB583395,0,1,0,0,0,1
Schoenus scabripes,Wilson 7935,0,1,0,0,0,1
Schoenus sculptus,Barrett 5287,0,1,0,0,0,1
Schoenus sculptus,Barrett 5406,0,1,0,0,0,1
Schoenus selinae,MN 01,0,0,0,1,0,1
Schoenus selinae,TE2016_258,0,0,1,0,0,1
Schoenus selinae,TE2016_287,0,0,1,1,0,2
Schoenus selinae,TE2016_289,0,0,1,0,0,1
Schoenus selinae,TE2016_300,0,0,1,0,1,2
Schoenus selinae,TE2016_301,0,0,1,0,0,1
Schoenus sesquispiculus,Barrett 5401,0,1,0,0,0,1
Schoenus sp,TE2016_300,1,0,0,0,0,1
Schoenus sparteus,Musili 541,0,1,0,0,0,1
Schoenus sparteus,Wilson 9691,0,0,0,0,1,1
Schoenus subaphyllus,Barrett 5137,0,1,0,0,0,1
Schoenus subaphyllus,Gibbs 114,0,1,0,0,0,1
Schoenus subfascicularis,Barrett 5236,0,1,0,0,0,1
Schoenus subflavus,Barrett 5409,0,1,0,0,0,1
Schoenus subflavus,Barrett 5858,0,1,0,0,0,1
Schoenus subflavus,Barrett 5900,0,1,0,0,0,1
Schoenus sublateralis,Barrett 5331,0,1,0,0,0,1
Schoenus sublateralis,Barrett 5343,0,1,0,0,0,1
Schoenus sublaxus,Wilson 9016,0,1,0,0,0,1
Schoenus submarginalis,TE2016_223,1,0,0,1,0,2
Schoenus submarginalis,TE2016_335,1,0,0,1,0,2
Schoenus submicrostachyus,Barrett 4280,0,1,0,0,0,1
Schoenus tendo,AK294548,0,1,0,0,0,1
Schoenus tendo var. triander,Bruhl 3252,1,0,0,0,1,2
Schoenus tenellus,Barrett 5309,0,1,0,0,0,1
Schoenus tenellus,Barrett 5312,0,1,0,0,0,1
Schoenus thedae,Barrett & Barrett MDB 1578,0,0,0,0,1,1
Schoenus triticoides,TE2016_279,1,0,1,0,1,3
Schoenus triticoides,TE2016_281,1,0,1,0,0,2
Schoenus turbinatus,Gibbs 80A,0,1,0,0,0,1
Schoenus turbinatus,LM35,0,0,0,0,1,1
Schoenus turbinatus,McLaughlin 35 & Wilson,0,0,0,0,1,1
Schoenus unispiculatus,Barrett 5295,0,1,0,0,0,1
Schoenus vaginatus,Bruhl 2751,0,1,0,0,0,1
Schoenus variicellae,Barrett 5872,0,1,0,0,0,1
Schoenus yarrabensis,Thompson MOR275 (BRI AQ 570842),0,1,0,0,0,1
Tetraria arundinacea,Wilson 9935,0,0,0,0,1,1
Tetraria borneensis,Anderson 9876,1,0,0,0,1,2
Tetraria brachyphylla,Helme2989,0,0,0,1,1,2
Tetraria bromoides,Verboom 641,0,0,1,1,1,3
Tetraria burmanni,Verboom 1219,1,0,0,0,1,2
Tetraria capillacea,TE2016_327,0,0,0,1,1,2
Tetraria capillacea,Verboom 1313,0,0,0,0,1,1
Tetraria capillacea,Verboom 733,0,0,0,1,0,1
Tetraria capillaris,AK286807,0,1,0,0,0,1
Tetraria capillaris,Bruhl 2106 & Watson,0,0,0,0,1,1
Tetraria capillaris,Bruhl 2414,0,1,0,0,1,2
Tetraria capillaris,Bruhl 2484,0,1,0,0,1,2
Tetraria capillaris,Wilson 9464,1,0,1,0,0,2
Tetraria cernua,Verboom 707,1,0,0,1,0,2
Tetraria cf. microstachys,Verboom 513,0,0,1,0,0,1
Tetraria compressa,Verboom 653,1,0,1,1,1,4
Tetraria crinifolia,Verboom 638,0,0,1,1,1,3
Tetraria eximia,Verboom 647,1,0,1,1,1,4
Tetraria eximia,Verboom 720,0,0,1,0,0,1
Tetraria fasciata,Muasya 6478,0,0,0,1,0,1
Tetraria fasciata,TE2016_305,1,0,1,1,0,3
Tetraria fasciata,TE2016_313,0,0,1,1,0,2
Tetraria fasciata,TE2016_314,0,0,1,0,0,1
Tetraria fasciata,Verboom 644,1,0,0,1,1,3
Tetraria ferruginea,Verboom 527,1,0,0,0,1,2
Tetraria fimbriolata,Verboom 533,1,0,0,1,1,3
Tetraria flexuosa,JV91,0,0,0,0,1,1
Tetraria flexuosa,Verboom 505,1,0,1,1,1,4
Tetraria flexuosa,Verboom 733,1,0,0,0,0,1
Tetraria fourcadei,Verboom 633,1,0,0,0,1,2
Tetraria involucrata,Balele K. 33,0,0,1,0,0,1
Tetraria involucrata,Verboom 1283,1,0,0,1,0,2
Tetraria involucrata,Verboom 661,1,0,1,0,1,3
Tetraria maculata,Verboom 528,0,0,0,1,1,2
Tetraria microstachys,Muasya 6480,0,0,0,0,1,1
Tetraria microstachys,Verboom 640,1,0,1,1,1,4
Tetraria nigrovaginata,Verboom 500,1,0,1,1,1,4
Tetraria pleosticha,Verboom 639,1,0,0,1,1,3
Tetraria pubescens,Verboom 651,1,0,0,0,0,1
Tetraria pygmaea,Verboom 1276,1,0,0,1,1,3
Tetraria raynaliana,Wilson 9940,0,0,0,0,1,1
Tetraria secans,Verboom 658,1,0,1,0,1,3
Tetraria spiralis,Verboom 719,1,0,0,1,0,2
Tetraria thermalis,Verboom 643,1,0,1,1,1,4
Tetraria triangularis,Britton 321,0,0,1,0,0,1
Tetraria triangularis,Britton 322,0,0,1,0,0,1
Tetraria triangularis,Britton 354,0,0,1,0,0,1
Tetraria triangularis,Britton 359,0,0,1,1,0,2
Tetraria triangularis,Britton321,0,0,1,0,1,2
Tetraria triangularis,Verboom 518,1,0,0,1,1,3
Tetraria ustulata,Verboom 501,0,0,1,1,1,3
Tetraria ustulata,Verboom 664,1,0,1,0,0,2
Tetrariopsis octandra,Barrett RLB 5050,0,0,0,0,1,1
Tetrariopsis octandra,Verboom 1242,0,0,1,1,0,2
Trianoptiles capensis,Muasya 3160,1,0,0,1,1,3
Trianoptiles solitaria,Bruhl 1756,0,0,0,0,1,1
Trianoptiles solitaria,Hosking 1765,0,0,0,0,1,1
Trianoptiles solitaria,JB1756,0,0,0,0,1,1
Tricostularia aphylla,Barrett RLB 2753,0,0,0,0,1,1
Tricostularia aphylla,Keighery & Gibson 5082,0,0,0,0,1,1
Tricostularia exsul,"Barrett, Moody & McQuoid RLB 4389",0,0,0,0,1,1
Tricostularia neesii,Barrett 5020,0,1,0,0,0,1
Tricostularia paludosa,Bruhl 2655,0,0,0,0,1,1
Tricostularia pauciflora,Gibbs 53,1,0,0,0,0,1
Tricostularia pauciflora,Wilson 9910,0,0,0,0,1,1
Tricostularia undulata,Wilson 9681,0,0,0,0,1,1
Tricostularia undulata,Wilson 9699,0,0,0,0,1,1
