taxon,ETS,ITS,rbcL,rps16,trnLF,n_markers
Anthelepis paludosa,0,0,0,0,1,1
Baumea arthrophylla,0,1,0,0,0,1
Baumea articulata,0,1,1,0,0,2
Capeobolus brevicaulis,1,1,1,1,1,5
Carex diandra,0,0,1,0,0,1
Carpha alpina,0,1,1,0,1,3
Carpha capitellata,1,0,1,1,1,4
Carpha capitellata var. bracteosa,1,0,1,0,0,2
Carpha glomerata,1,1,1,1,1,5
Carpha nitens,0,0,0,0,1,1
Carpha rodwayi,0,1,0,0,0,1
Caustis blakei,1,0,1,0,0,2
Caustis blakei subsp. Blakei,0,0,0,0,1,1
Caustis blakei var. blakei,0,1,0,0,0,1
Caustis blakei var. macrantha,0,1,0,0,0,1
Caustis dioica,1,0,1,1,0,3
Caustis flexuosa,0,1,1,0,1,3
Costularia fragilis,1,1,1,0,1,4
Costularia hornei,1,0,0,0,1,2
Costularia laxa,0,1,0,0,1,2
Costularia leucocarpa,0,1,0,1,1,3
Costularia melicoides,0,1,0,0,1,2
Costularia melleri,0,1,0,0,1,2
Costularia natalensis,1,1,1,0,1,4
Costularia nervosa,1,1,0,0,1,3
Costularia pantopoda var.  baronii,0,1,1,1,1,4
Costularia pantopoda var. pantopoda,0,1,1,0,1,3
Costularia pantopoda var. robusta,0,1,0,0,1,2
Costularia purpurea,0,1,0,0,0,1
Costularia xipholepis,0,1,0,0,1,2
Costularia xyridioides,0,1,0,0,1,2
Cyanthochaeta diandra,0,0,0,0,1,1
Cyathochaeta avenacea,1,0,1,1,0,3
Cyathochaeta diandra,1,0,1,0,1,3
Cyathocoma bachmanii,0,0,0,0,1,1
Cyathocoma bachmannii,0,0,1,0,1,2
Cyathocoma hexandra,1,0,1,1,1,4
Eleocharis diandra,0,0,1,0,0,1
Evandra aristata,1,1,0,0,0,2
Evandra pauciflora,0,0,0,0,1,1
Gahnia baniensis,0,0,1,0,1,2
Gahnia setifolia,0,1,0,0,0,1
Gahnia sieberiana,0,0,0,0,1,1
Gahnia trifida,0,0,0,1,1,2
Gahnia tristis,1,1,1,1,0,4
Gahnia xanthocarpa,0,1,0,0,0,1
Gymnoschoenus anceps,0,0,0,0,1,1
Gymnoschoenus sphaerocephalus,0,0,1,0,1,2
Lepidosperma diurnum,0,1,0,0,0,1
Lepidosperma effusum,0,1,0,0,0,1
Lepidosperma ferricola,0,0,0,0,1,1
Lepidosperma forsythii,0,1,0,0,0,1
Lepidosperma gahnioides,0,1,0,0,0,1
Lepidosperma gladiatum,0,0,0,0,1,1
Lepidosperma laterale,0,1,0,0,1,2
Lepidosperma longitudinale,1,0,1,1,1,4
Lepidosperma pubisquameum,0,1,0,0,0,1
Lepidosperma rostratum,0,0,0,0,1,1
Lepidosperma tetraquetrum,0,1,0,0,0,1
Lepidosperma tortuosum,1,1,0,1,0,3
Machaerina angustifolia,0,1,0,0,0,1
Machaerina austrobrasiliensis,0,0,0,0,1,1
Machaerina gunnii,0,0,0,0,1,1
Machaerina iridifolia,0,0,1,1,0,2
Machaerina mariscoides,0,0,1,0,0,1
Machaerina mariscoides var. meyenii,0,1,0,0,0,1
Machaerina rubiginosa,1,1,1,0,0,3
Mesomelaena graciliceps,0,0,0,0,1,1
Mesomelaena tetragona,0,0,1,1,0,2
Morelotia gahniiformis,0,1,1,0,1,3
Neesenbeckia punctoria,1,1,1,1,1,5
Oreobolus distichus,1,1,0,0,0,2
Oreobolus furcatus,0,1,0,0,0,1
Oreobolus kuekenthalii,0,1,1,0,0,2
Oreobolus obtusangulus,0,1,0,0,0,1
Oreobolus oligocephalus,0,1,0,0,1,2
Oreobolus oxycarpus,0,1,0,0,0,1
Oreobolus pectinatus,1,1,1,0,1,4
Oreobolus pumilio,0,1,0,0,1,2
Oreobolus strictus,0,0,0,0,1,1
Ptilothrix deusta,1,1,1,0,1,4
Reedia spathacea,0,0,1,0,1,2
Rhynchospora pungens,0,0,0,0,1,1
Rhynchospora rugosa subsp. Brownii,0,0,0,0,1,1
Schoenus acuminatus,0,1,0,0,0,1
Schoenus adnatus,1,0,1,1,1,4
Schoenus adnatus c.f.,1,0,1,1,0,3
Schoenus albovaginatus,0,0,1,0,0,1
Schoenus apogon,0,0,1,0,1,2
Schoenus apogon var. apogon,0,1,0,0,0,1
Schoenus apogon var. caespitans,0,1,0,0,0,1
Schoenus arenicola,1,0,1,1,1,4
Schoenus armeria,0,1,0,0,0,1
Schoenus aureus,1,0,1,0,1,3
Schoenus auritus,1,0,1,1,1,4
Schoenus auritus x cuspidatus,1,0,0,0,0,1
Schoenus badius,0,1,0,0,0,1
Schoenus bifidus,0,1,0,1,1,3
Schoenus bolusii,1,0,1,1,1,4
Schoenus bolusii x cuspidatus,1,0,1,1,1,4
Schoenus breviculmis,0,1,0,0,0,1
Schoenus brevifolius,0,1,0,0,1,2
Schoenus brevisetis,0,0,0,0,1,1
Schoenus brunnescens,1,0,0,1,0,2
Schoenus caespititius,1,1,0,1,1,4
Schoenus calcatus,0,1,0,0,0,1
Schoenus calceolus,1,0,1,0,0,2
Schoenus calostachyus,0,1,0,0,0,1
Schoenus carsei,0,1,0,0,0,1
Schoenus centralis,0,1,0,0,0,1
Schoenus clandestinus,0,1,0,0,1,2
Schoenus compactus,1,0,1,1,1,4
Schoenus compar,1,0,1,1,1,4
Schoenus comparoides,1,0,1,1,1,4
Schoenus complanatus,1,0,1,0,0,2
Schoenus crassiculmis,1,0,1,1,0,3
Schoenus crassus,1,0,1,0,1,3
Schoenus curvifolius,1,1,1,1,1,5
Schoenus cuspidatus,1,0,1,1,0,3
Schoenus deformis,0,1,0,0,0,1
Schoenus discifer,0,1,0,0,0,1
Schoenus dregeanus,1,0,1,0,1,3
Schoenus efoliatus,1,1,1,1,1,5
Schoenus ericetorum,0,1,0,0,1,2
Schoenus exilis,1,0,1,1,1,4
Schoenus falcatus,0,1,0,0,1,2
Schoenus ferrugineus,0,1,1,0,0,2
Schoenus fluitans,0,1,0,0,0,1
Schoenus galpinii,1,0,0,0,1,2
Schoenus graciliculmis,1,0,0,0,0,1
Schoenus gracilimus,1,0,1,1,1,4
Schoenus gracillimus,1,0,1,1,1,4
Schoenus graminifolius,1,0,1,1,1,4
Schoenus grandiflorus,1,1,0,0,1,3
Schoenus griffinianus,0,1,0,0,0,1
Schoenus humilis,0,1,0,0,0,1
Schoenus imberbis,0,1,0,0,0,1
Schoenus indutus,0,1,0,0,0,1
Schoenus insolitus,0,1,0,0,0,1
Schoenus kennyi,0,1,0,0,0,1
Schoenus laevigatus,0,1,0,0,0,1
Schoenus lanatus,0,1,0,0,0,1
Schoenus latelaminatus,0,1,0,0,0,1
Schoenus lepidosperma,0,1,0,0,1,2
Schoenus lepidosperma subsp. pachylepis,0,1,0,0,0,1
Schoenus ligulatus,1,0,1,1,1,4
Schoenus limosus,1,0,1,1,1,4
Schoenus loreus,1,0,0,1,0,2
Schoenus lucidus,1,0,1,1,1,4
Schoenus lymansmithii,0,0,0,0,1,1
Schoenus maschalinus,0,1,0,0,0,1
Schoenus megacarpus,1,0,1,1,1,4
Schoenus melanostachys,0,1,0,0,0,1
Schoenus minutulus,0,1,0,0,0,1
Schoenus moorei,0,1,0,0,0,1
Schoenus nanus,0,1,0,0,0,1
Schoenus neocaledonicus,1,0,0,0,1,2
Schoenus neovillosus,1,0,1,0,1,3
Schoenus nigricans,1,1,1,1,1,5
Schoenus nitens,1,1,0,0,1,3
Schoenus nitens var. concinnus,0,1,0,0,0,1
Schoenus nitens var. nitens,0,1,0,0,0,1
Schoenus obtusifolius,0,1,0,0,0,1
Schoenus odontocarpus,0,1,0,0,0,1
Schoenus ornithopodioides,0,1,0,0,0,1
Schoenus pauciflorus,0,1,0,0,0,1
Schoenus pennisetis,1,0,1,1,1,4
Schoenus pictus,1,0,1,1,1,4
Schoenus pleiostemoneus,0,1,0,0,0,1
Schoenus plumosus,0,1,0,0,0,1
Schoenus pseudoloreus,1,0,1,1,1,4
Schoenus pygmaeus,0,1,0,0,0,1
Schoenus quadangularis,0,0,0,0,1,1
Schoenus quadrangularis,1,0,1,1,1,4
Schoenus quartziticus,1,0,1,0,1,3
Schoenus racemosus,0,1,0,0,0,1
Schoenus rigens,1,1,0,0,1,3
Schoenus scabripes,0,1,0,0,0,1
Schoenus sculptus,0,1,0,0,0,1
Schoenus selinae,0,0,1,1,1,3
Schoenus sesquispiculus,0,1,0,0,0,1
Schoenus sp,1,0,0,0,0,1
Schoenus sparteus,0,1,0,0,1,2
Schoenus subaphyllus,0,1,0,0,0,1
Schoenus subfascicularis,0,1,0,0,0,1
Schoenus subflavus,0,1,0,0,0,1
Schoenus sublateralis,0,1,0,0,0,1
Schoenus sublaxus,0,1,0,0,0,1
Schoenus submarginalis,1,0,0,1,0,2
Schoenus submicrostachyus,0,1,0,0,0,1
Schoenus tendo,0,1,0,0,0,1
Schoenus tendo var. triander,1,0,0,0,1,2
Schoenus tenellus,0,1,0,0,0,1
Schoenus thedae,0,0,0,0,1,1
Schoenus triticoides,1,0,1,0,1,3
Schoenus turbinatus,0,1,0,0,1,2
Schoenus unispiculatus,0,1,0,0,0,1
Schoenus vaginatus,0,1,0,0,0,1
Schoenus variicellae,0,1,0,0,0,1
Schoenus yarrabensis,0,1,0,0,0,1
Tetraria arundinacea,0,0,0,0,1,1
Tetraria borneensis,1,0,0,0,1,2
Tetraria brachyphylla,0,0,0,1,1,2
Tetraria bromoides,0,0,1,1,1,3
Tetraria burmanni,1,0,0,0,1,2
Tetraria capillacea,0,0,0,1,1,2
Tetraria capillaris,1,1,1,0,1,4
Tetraria cernua,1,0,0,1,0,2
Tetraria cf. microstachys,0,0,1,0,0,1
Tetraria compressa,1,0,1,1,1,4
Tetraria crinifolia,0,0,1,1,1,3
Tetraria eximia,1,0,1,1,1,4
Tetraria fasciata,1,0,1,1,1,4
Tetraria ferruginea,1,0,0,0,1,2
Tetraria fimbriolata,1,0,0,1,1,3
Tetraria flexuosa,1,0,1,1,1,4
Tetraria fourcadei,1,0,0,0,1,2
Tetraria involucrata,1,0,1,1,1,4
Tetraria maculata,0,0,0,1,1,2
Tetraria microstachys,1,0,1,1,1,4
Tetraria nigrovaginata,1,0,1,1,1,4
Tetraria pleosticha,1,0,0,1,1,3
Tetraria pubescens,1,0,0,0,0,1
Tetraria pygmaea,1,0,0,1,1,3
Tetraria raynaliana,0,0,0,0,1,1
Tetraria secans,1,0,1,0,1,3
Tetraria spiralis,1,0,0,1,0,2
Tetraria thermalis,1,0,1,1,1,4
Tetraria triangularis,1,0,1,1,1,4
Tetraria ustulata,1,0,1,1,1,4
Tetrariopsis octandra,0,0,1,1,1,3
Trianoptiles capensis,1,0,0,1,1,3
Trianoptiles solitaria,0,0,0,0,1,1
Tricostularia aphylla,0,0,0,0,1,1
Tricostularia exsul,0,0,0,0,1,1
Tricostularia neesii,0,1,0,0,0,1
Tricostularia paludosa,0,0,0,0,1,1
Tricostularia pauciflora,1,0,0,0,1,2
Tricostularia undulata,0,0,0,0,1,1
